profile_name,alpha_distance,beta_time,gamma_lateness,solver_status,is_feasible,objective_value,primal_bound,dual_bound,mip_gap_pct,runtime_sec,vehicles_used,total_distance_km,total_travel_time_min,late_deliveries,total_lateness_min,on_time_rate_pct,routes,is_pareto
Pure Distance,1.0,0.0,0.0,Time limit reached,True,0.91,0.91,0.45,49.86,15.076,1,96.1,185.0,1,42.0,93.33,"[[0, 6, 7, 14, 12, 5, 11, 10, 15, 9, 1, 8, 3, 13, 2, 4, 0]]",False
Pure Travel Time,0.0,1.0,0.0,Time limit reached,True,1.06,1.06,0.66,37.77,15.109,1,116.1,188.0,1,37.0,93.33,"[[0, 6, 14, 12, 15, 1, 13, 9, 8, 3, 2, 4, 5, 11, 7, 10, 0]]",False
Pure Punctuality,0.0,0.0,1.0,Optimal,True,0.0,0.0,0.0,0.0,0.17,3,222.8,314.0,0,0.0,100.0,"[[0, 5, 6, 2, 9, 3, 13, 7, 14, 15, 12, 1, 11, 10, 0], [0, 8, 0], [0, 4, 0]]",False
Distance Priority,0.7,0.2,0.1,Time limit reached,True,0.85,0.85,0.46,46.14,15.061,1,100.1,172.0,0,0.0,100.0,"[[0, 14, 12, 7, 10, 15, 8, 13, 9, 3, 1, 2, 4, 5, 11, 6, 0]]",False
Distance Emphasis,0.6,0.2,0.2,Time limit reached,True,0.82,0.82,0.43,46.91,15.081,1,109.0,178.0,0,0.0,100.0,"[[0, 12, 14, 6, 7, 10, 1, 8, 3, 13, 9, 2, 4, 5, 11, 15, 0]]",False
Balanced Compromise,0.4,0.3,0.3,Time limit reached,True,0.69,0.69,0.42,39.29,15.11,1,98.0,192.0,0,0.0,100.0,"[[0, 4, 8, 3, 9, 1, 2, 10, 13, 15, 5, 11, 7, 12, 14, 6, 0]]",False
Uniform Balanced,0.33,0.33,0.34,Time limit reached,True,0.68,0.68,0.4,40.22,15.115,1,100.3,197.0,0,0.0,100.0,"[[0, 9, 13, 10, 2, 6, 12, 14, 7, 5, 11, 15, 1, 8, 3, 4, 0]]",False
Time Priority,0.2,0.6,0.2,Time limit reached,True,0.9,0.9,0.53,41.51,15.061,2,121.9,200.0,0,0.0,100.0,"[[0, 8, 13, 9, 3, 1, 10, 15, 11, 5, 4, 2, 0], [0, 7, 12, 14, 6, 0]]",False
Service Quality Emphasis,0.2,0.2,0.6,Time limit reached,True,0.34,0.34,0.26,25.21,15.065,1,86.0,162.0,0,0.0,100.0,"[[0, 2, 4, 6, 14, 12, 7, 11, 5, 15, 10, 1, 8, 13, 3, 9, 0]]",True
Strict Service Priority,0.1,0.1,0.8,Time limit reached,True,0.2,0.2,0.12,38.06,15.094,1,102.6,186.0,0,0.0,100.0,"[[0, 10, 1, 2, 8, 13, 3, 9, 6, 14, 12, 7, 15, 11, 5, 4, 0]]",False
