day,scenario,num_orders,greedy_distance_km,greedy_travel_time_min,greedy_late_deliveries,greedy_total_lateness_min,greedy_on_time_rate_pct,greedy_vehicles,greedy_runtime_sec,decomp_distance_km,decomp_travel_time_min,decomp_late_deliveries,decomp_total_lateness_min,decomp_on_time_rate_pct,decomp_vehicles,decomp_clusters,decomp_runtime_sec,delta_distance_km,delta_late_deliveries,delta_on_time_rate_pct
1,optimistic,78,366.5,598.0,5,180.0,93.59,4,0.0029,499.8,862.0,1,4.0,98.72,6,6,51.16,133.3,-4,5.13
1,mostlikely,78,356.0,691.0,3,264.0,96.15,4,0.0039,508.8,994.0,1,53.0,98.72,7,6,51.09,152.8,-2,2.57
1,pessimistic,78,477.5,1546.0,1,1.0,98.72,6,0.0048,644.2,2080.0,3,213.0,96.15,9,6,50.96,166.7,2,-2.57
2,optimistic,63,354.4,616.0,7,215.0,88.89,3,0.0023,467.7,729.0,4,132.0,93.65,5,5,40.43,113.3,-3,4.76
2,mostlikely,63,408.3,720.0,4,196.0,93.65,4,0.0022,545.2,893.0,1,8.0,98.41,6,5,40.38,136.9,-3,4.76
2,pessimistic,63,428.7,1223.0,3,110.0,95.24,5,0.0034,627.4,1696.0,3,80.0,95.24,8,5,40.4,198.7,0,0.0
3,optimistic,67,321.8,504.0,1,4.0,98.51,3,0.0056,450.6,664.0,0,0.0,100.0,6,5,40.55,128.8,-1,1.49
3,mostlikely,67,319.7,566.0,2,20.0,97.01,3,0.0025,438.5,787.0,0,0.0,100.0,5,5,40.55,118.8,-2,2.99
3,pessimistic,67,426.2,1100.0,2,13.0,97.01,5,0.006,562.2,1422.0,0,0.0,100.0,8,5,40.59,136.0,-2,2.99
4,optimistic,69,368.3,648.0,5,159.0,92.75,4,0.0041,486.7,818.0,2,81.0,97.1,6,5,40.77,118.4,-3,4.35
4,mostlikely,69,368.9,749.0,5,159.0,92.75,4,0.0026,501.5,1023.0,0,0.0,100.0,6,5,40.8,132.6,-5,7.25
4,pessimistic,69,437.5,1243.0,1,134.0,98.55,5,0.003,619.5,1813.0,4,304.0,94.2,9,5,40.56,182.0,3,-4.35
5,optimistic,75,353.5,596.0,7,428.0,90.67,3,0.0028,501.2,776.0,0,0.0,100.0,6,5,50.42,147.7,-7,9.33
5,mostlikely,75,378.2,767.0,6,395.0,92.0,4,0.0048,560.9,1004.0,0,0.0,100.0,7,5,50.41,182.7,-6,8.0
5,pessimistic,75,407.0,1222.0,6,296.0,92.0,5,0.0034,654.1,1695.0,0,0.0,100.0,9,5,50.44,247.1,-6,8.0
6,optimistic,77,308.3,540.0,5,214.0,93.51,3,0.003,462.1,769.0,1,13.0,98.7,5,5,50.39,153.8,-4,5.19
6,mostlikely,77,341.4,737.0,9,489.0,88.31,4,0.0034,445.9,961.0,3,68.0,96.1,5,5,50.42,104.5,-6,7.79
6,pessimistic,77,398.6,1030.0,1,5.0,98.7,5,0.0038,563.4,1454.0,4,129.0,94.81,7,5,50.49,164.8,3,-3.89
7,optimistic,66,294.5,520.0,2,38.0,96.97,3,0.0028,405.3,661.0,0,0.0,100.0,6,5,40.66,110.8,-2,3.03
7,mostlikely,66,286.1,626.0,5,241.0,92.42,3,0.0029,413.4,854.0,2,24.0,96.97,5,5,40.66,127.3,-3,4.55
7,pessimistic,66,333.6,1021.0,3,139.0,95.45,4,0.004,523.3,1342.0,1,4.0,98.48,8,5,40.45,189.7,-2,3.03
8,optimistic,74,324.2,621.0,7,409.0,90.54,3,0.0039,516.6,867.0,0,0.0,100.0,6,5,50.41,192.4,-7,9.46
8,mostlikely,74,349.4,811.0,5,105.0,93.24,4,0.004,559.0,1135.0,2,3.0,97.3,7,5,50.39,209.6,-3,4.06
8,pessimistic,74,388.7,1150.0,3,154.0,95.95,5,0.0028,512.9,1430.0,5,118.0,93.24,7,5,50.41,124.2,2,-2.71
9,optimistic,84,350.8,639.0,5,484.0,94.05,4,0.0037,583.1,885.0,0,0.0,100.0,8,6,50.77,232.3,-5,5.95
9,mostlikely,84,354.1,797.0,7,547.0,91.67,4,0.006,669.7,1129.0,5,193.0,94.05,9,6,50.91,315.6,-2,2.38
9,pessimistic,84,413.2,1120.0,7,366.0,91.67,5,0.0081,717.5,1639.0,6,204.0,92.86,10,6,50.99,304.3,-1,1.19
