day,num_orders,greedy_plan_time_min,greedy_stress_time_min,greedy_time_surge_pct,greedy_plan_late,greedy_stress_late,greedy_late_surge,greedy_plan_lateness_min,greedy_stress_lateness_min,greedy_plan_otr_pct,greedy_stress_otr_pct,greedy_otr_drop_pct,greedy_shift_overrun_vehicles,greedy_max_shift_duration_min,decomp_plan_time_min,decomp_stress_time_min,decomp_time_surge_pct,decomp_plan_late,decomp_stress_late,decomp_late_surge,decomp_plan_lateness_min,decomp_stress_lateness_min,decomp_plan_otr_pct,decomp_stress_otr_pct,decomp_otr_drop_pct,decomp_shift_overrun_vehicles,decomp_max_shift_duration_min
1,78,691.0,1275.0,84.52,3,27,24,264.0,1754.0,96.15,65.38,30.77,3,514.0,994.0,1926.0,93.76,1,24,23,53.0,1615.0,98.72,69.23,29.49,3,609.0
2,63,720.0,1184.0,64.44,4,12,8,196.0,861.0,93.65,80.95,12.7,3,518.0,893.0,1563.0,75.03,1,17,16,8.0,846.0,98.41,73.02,25.39,3,501.0
3,67,566.0,902.0,59.36,2,16,14,20.0,690.0,97.01,76.12,20.89,3,462.0,787.0,1236.0,57.05,0,8,8,0.0,178.0,100.0,88.06,11.94,2,386.0
4,69,749.0,1111.0,48.33,5,20,15,159.0,1296.0,92.75,71.01,21.74,3,490.0,1023.0,1592.0,55.62,0,15,15,0.0,450.0,100.0,78.26,21.74,3,449.0
5,75,767.0,1173.0,52.93,6,24,18,395.0,1762.0,92.0,68.0,24.0,3,483.0,1004.0,1539.0,53.29,0,14,14,0.0,451.0,100.0,81.33,18.67,2,414.0
6,77,737.0,962.0,30.53,9,17,8,489.0,1228.0,88.31,77.92,10.39,3,462.0,961.0,1342.0,39.65,3,18,15,68.0,794.0,96.1,76.62,19.48,3,402.0
7,66,626.0,942.0,50.48,5,22,17,241.0,1374.0,92.42,66.67,25.75,3,454.0,854.0,1277.0,49.53,2,14,12,24.0,538.0,96.97,78.79,18.18,3,411.0
8,74,811.0,1068.0,31.69,5,18,13,105.0,767.0,93.24,75.68,17.56,3,441.0,1135.0,1536.0,35.33,2,8,6,3.0,258.0,97.3,89.19,8.11,2,392.0
9,84,797.0,1084.0,36.01,7,23,16,547.0,1194.0,91.67,72.62,19.05,4,436.0,1129.0,1542.0,36.58,5,12,7,193.0,625.0,94.05,85.71,8.34,1,386.0
